{"centroids_rgb": [[0.596, 0.594, 0.624], [71.907, 68.85, 63.752], [252.464, 253.002, 253.188], [197.753, 198.498, 191.252], [142.495, 135.662, 116.658]], "centroids_hex": ["#47443f", "#8e8774", "#000000", "#fcfdfd", "#c5c6bf"], "color_counts": [136930, 16138, 347414, 19468, 20050], "color_proportion": [0.254, 0.03, 0.643, 0.036, 0.037], "centroids_hsv": [[0.6777777777777777, 0.04807692307692312, 0.624], [0.10418965869609638, 0.11341037729289213, 71.907], [0.5428176795580067, 0.002859535207039787, 253.188], [0.18380255773300225, 0.03650414613749248, 198.498], [0.12258905187650787, 0.18131864275939508, 142.495]], "url": "www.uber.com", "screenshot": "www-uber-com.png"}
{"centroids_rgb": [[247.744, 247.733, 251.954], [201.747, 104.118, 75.704], [192.866, 181.64, 177.93], [105.519, 115.92, 155.486], [42.676, 37.253, 47.278]], "centroids_hex": ["#f7f7fb", "#69739b", "#c0b5b1", "#c9684b", "#2a252f"], "color_counts": [460676, 10236, 25372, 21660, 22056], "color_proportion": [0.853, 0.019, 0.047, 0.04, 0.041], "centroids_hsv": [[0.6671010029218983, 0.016753058097906774, 251.954], [0.037571833950847455, 0.6247577411312188, 201.747], [0.041398857346902095, 0.07744236931340934, 192.866], [0.6319737693544406, 0.3213601224547547, 155.486], [0.7568246051537822, 0.2120436566690638, 47.278]], "url": "www.lyft.com", "screenshot": "www-lyft-com.png"}
{"centroids_rgb": [[169.388, 33.615, 38.012], [27.16, 27.297, 25.583], [196.056, 167.043, 136.039], [252.974, 249.071, 248.291], [97.488, 125.337, 113.39]], "centroids_hex": ["#fcf9f8", "#a92126", "#617d71", "#1b1b19", "#c4a788"], "color_counts": [60215, 209819, 36321, 207203, 26442], "color_proportion": [0.112, 0.389, 0.067, 0.384, 0.049], "centroids_hsv": [[0.994602510562974, 0.8015502869152478, 169.388], [0.17998833138856477, 0.06279078286991252, 27.297], [0.08609782783766824, 0.3061217203248053, 196.056], [0.027759982916933674, 0.018511783819681046, 252.974], [0.42850132260883095, 0.22219296775892197, 125.337]], "url": "www.doordash.com", "screenshot": "www-doordash-com.png"}
