{"centroids_rgb": [[0.613, 0.611, 0.641], [72.821, 69.725, 64.435], [252.466, 253.005, 253.191], [198.097, 198.917, 191.79], [143.48, 136.62, 117.531]], "centroids_hex": ["#484540", "#8f8875", "#000000", "#c6c6bf", "#fcfdfd"], "color_counts": [136962, 16368, 347345, 19319, 20006], "color_proportion": [0.254, 0.03, 0.643, 0.036, 0.037], "centroids_hsv": [[0.6777777777777777, 0.04680187207488304, 0.641], [0.10513554336592723, 0.11515908872440636, 72.821], [0.5427586206896571, 0.0028634509125521615, 253.191], [0.1858425705065243, 0.03582901411141335, 198.917], [0.12260588076611822, 0.1808544744912182, 143.48]], "url": "www.uber.com", "screenshot": "www-uber-com.png"}
{"centroids_rgb": [[247.744, 247.733, 251.955], [201.718, 104.103, 75.693], [192.886, 181.653, 177.944], [105.529, 115.933, 155.494], [42.662, 37.251, 47.28]], "centroids_hex": ["#c9684b", "#2a252f", "#f7f7fb", "#69739b", "#c0b5b1"], "color_counts": [460673, 10236, 25373, 21664, 22054], "color_proportion": [0.853, 0.019, 0.047, 0.04, 0.041], "centroids_hsv": [[0.6671009000473708, 0.016756960568355492, 251.955], [0.037571910335250945, 0.6247583259798333, 201.718], [0.041371079284343915, 0.07746544591105631, 192.886], [0.631962373661563, 0.3213307265875211, 155.494], [0.7565892245820454, 0.2121192893401016, 47.28]], "url": "www.lyft.com", "screenshot": "www-lyft-com.png"}
{"centroids_rgb": [[172.221, 29.729, 38.006], [26.164, 26.706, 25.621], [114.226, 111.272, 88.063], [198.666, 173.55, 145.658], [253.035, 249.023, 248.152]], "centroids_hex": ["#726f58", "#ac1d26", "#c6ad91", "#fdf9f8", "#1a1a19"], "color_counts": [60605, 212527, 27351, 31968, 207549], "color_proportion": [0.112, 0.394, 0.051, 0.059, 0.384], "centroids_hsv": [[0.9903187547371081, 0.8273787749461449, 172.221], [0.24992319508448504, 0.04062757432786643, 26.706], [0.14784874313598087, 0.22904592649659444, 114.226], [0.08769745447228099, 0.266819687314387, 198.666], [0.02972899174005078, 0.01929772561108151, 253.035]], "url": "www.doordash.com", "screenshot": "www-doordash-com.png"}
