{"centroids_rgb": [[0.599, 0.597, 0.627], [72.489, 69.406, 64.189], [252.487, 253.024, 253.212], [198.747, 199.637, 192.668], [143.63, 136.84, 117.823]], "centroids_hex": ["#484540", "#c6c7c0", "#000000", "#8f8875", "#fcfdfd"], "color_counts": [136947, 16367, 347204, 19284, 20198], "color_proportion": [0.254, 0.03, 0.643, 0.036, 0.037], "centroids_hsv": [[0.6777777777777777, 0.04784688995215315, 0.627], [0.10475903614457843, 0.11450013105436702, 72.489], [0.5432183908045953, 0.002863213433802483, 253.212], [0.18795140383603548, 0.034908358670987814, 199.637], [0.12281551517030269, 0.17967694771287337, 143.63]], "url": "www.uber.com", "screenshot": "www-uber-com.png"}
{"centroids_rgb": [[247.748, 247.737, 251.958], [201.671, 104.05, 75.65], [192.934, 181.64, 177.896], [105.509, 115.892, 155.363], [42.491, 37.116, 47.125]], "centroids_hex": ["#f7f7fb", "#c0b5b1", "#69739b", "#2a252f", "#c9684b"], "color_counts": [460580, 10232, 25323, 21745, 22120], "color_proportion": [0.853, 0.019, 0.047, 0.04, 0.041], "centroids_hsv": [[0.6671010029218983, 0.016752792132022017, 251.958], [0.0375598775865398, 0.6248840933996459, 201.671], [0.041494879638249736, 0.07794375278592686, 192.934], [0.631955309503751, 0.3208872125280794, 155.363], [0.7561694474972525, 0.2123925729442971, 47.125]], "url": "www.lyft.com", "screenshot": "www-lyft-com.png"}
{"centroids_rgb": [[169.758, 34.904, 38.388], [27.411, 27.315, 25.547], [200.647, 173.108, 140.836], [253.171, 249.376, 248.423], [99.01, 125.358, 111.695]], "centroids_hex": ["#a92226", "#c8ad8c", "#fdf9f8", "#1b1b19", "#637d6f"], "color_counts": [61641, 210798, 34021, 206373, 27167], "color_proportion": [0.114, 0.39, 0.063, 0.382, 0.05], "centroids_hsv": [[0.9956941086903861, 0.794389660575643, 169.758], [0.1580829756795422, 0.06800189704863013, 27.411], [0.08992771675221393, 0.2980906766610016, 200.647], [0.03345268183094654, 0.018754122707577054, 253.171], [0.41357345276048774, 0.21018203864133123, 125.358]], "url": "www.doordash.com", "screenshot": "www-doordash-com.png"}
