{"centroids_rgb": [[247.551, 247.535, 251.845], [201.031, 103.089, 75.739], [193.705, 181.997, 178.194], [105.102, 116.404, 156.251], [43.216, 37.619, 47.589]], "centroids_hex": ["#f7f7fb", "#2b252f", "#69749c", "#c9674b", "#c1b5b2"], "color_counts": [460636, 10232, 25594, 22031, 21507], "color_proportion": [0.853, 0.019, 0.047, 0.041, 0.04], "url": "www.lyft.com", "screenshot": "www-lyft-com.png", "centroids_hsv": [[0.6672853828306261, 0.017113700887450622, 251.845], [0.036381679064372285, 0.6232471608856346, 201.031], [0.04086347323404917, 0.08007537234454466, 193.705], [0.6298396188912133, 0.3273515049503683, 156.251], [0.7602306920762287, 0.2095021958856038, 47.589]]}
